<?xml version="1.0" encoding="UTF-8"?>

<mule xmlns:dw="http://www.mulesoft.org/schema/mule/ee/dw" xmlns:tracking="http://www.mulesoft.org/schema/mule/ee/tracking" xmlns="http://www.mulesoft.org/schema/mule/core" xmlns:doc="http://www.mulesoft.org/schema/mule/documentation"
	xmlns:spring="http://www.springframework.org/schema/beans" 
	xmlns:xsi="http://www.w3.org/2001/XMLSchema-instance"
	xsi:schemaLocation="http://www.springframework.org/schema/beans http://www.springframework.org/schema/beans/spring-beans-current.xsd
http://www.mulesoft.org/schema/mule/core http://www.mulesoft.org/schema/mule/core/current/mule.xsd
http://www.mulesoft.org/schema/mule/ee/tracking http://www.mulesoft.org/schema/mule/ee/tracking/current/mule-tracking-ee.xsd
http://www.mulesoft.org/schema/mule/ee/dw http://www.mulesoft.org/schema/mule/ee/dw/current/dw.xsd">
    
    <choice-exception-strategy name="global-exception-strategy">    
        <catch-exception-strategy when="#[exception.causedBy(org.mule.module.http.internal.request.ResponseValidatorException)]" doc:name="Caused By (org.mule.module.http.internal.request.ResponseValidatorException)">
            <choice doc:name="Choice">
                <when expression="#[message.inboundProperties['http.status'] == 403 &amp;&amp; message.inboundProperties['http.status'] == 502]">
                    <set-variable variableName="comments" value="Access to the upstream service is forbidden." doc:name="Set Comments"/>
                    <flow-ref name="global-bad-gateway-response-sub-flow" doc:name="Bad Gateway Response"/>
                </when>
                <when expression="#[message.inboundProperties['http.status'] &lt; 500]">
                    <set-variable variableName="comments" value="Upstream service unable to fulfil request." doc:name="Set Comments"/>
                    <flow-ref name="global-bad-gateway-response-sub-flow" doc:name="Bad Gateway Response"/>                    
                </when>
                <otherwise>
                    <set-variable variableName="comments" value="Upstream service internal error." doc:name="Set Comments"/>
                    <flow-ref name="global-bad-gateway-response-sub-flow" doc:name="Bad Gateway Response"/>                
                </otherwise>
            </choice>
        </catch-exception-strategy>
        <catch-exception-strategy when="#[exception.causedBy(java.util.concurrent.TimeoutException)]" doc:name="Caused By (java.util.concurrent.TimeoutException)">
            <set-variable variableName="comments" value="Unable to connect to upstream service. Request timed out." doc:name="Set Comments"/>
            <flow-ref name="global-bad-gateway-response-sub-flow" doc:name="Bad Gateway Response"/>            
        </catch-exception-strategy>
        <catch-exception-strategy when="#[exception.causeMatches('java.net')]" doc:name="Cause Matches ('java.net')">
            <set-variable variableName="comments" value="Unable to connect to upstream service." doc:name="Set Comments"/>
            <flow-ref name="global-bad-gateway-response-sub-flow" doc:name="Bad Gateway Response"/>            
        </catch-exception-strategy>
        <catch-exception-strategy when="#[exception.causedBy(org.mule.module.apikit.exception.NotFoundException)]" doc:name="Caused By (org.mule.module.apikit.exception.NotFoundException)">            
            <flow-ref name="global-resource-not-found-response-sub-flow" doc:name="Resource Not Found Response"/>
        </catch-exception-strategy>
        <catch-exception-strategy when="#[exception.causedBy(org.mule.module.apikit.exception.MethodNotAllowedException)]" doc:name="Caused By (org.mule.module.apikit.exception.MethodNotAllowedException)">
            <flow-ref name="global-method-not-allowed-response-sub-flow" doc:name="Method Not Allowed Response"/>
        </catch-exception-strategy>
        <catch-exception-strategy when="#[exception.causedBy(org.mule.module.apikit.exception.UnsupportedMediaTypeException)]" doc:name="Caused By (org.mule.module.apikit.exception.UnsupportedMediaTypeException)">
            <flow-ref name="global-unsupported-media-type-response-sub-flow" doc:name="Unsupported Media Type Response"/>
        </catch-exception-strategy>
        <catch-exception-strategy when="#[exception.causedBy(org.mule.module.apikit.exception.NotAcceptableException)]" doc:name="Caused By (org.mule.module.apikit.exception.NotAcceptableException)">
            <flow-ref name="global-not-acceptable-response-sub-flow" doc:name="Not Acceptable Response"/>
        </catch-exception-strategy>
        <catch-exception-strategy when="#[exception.causedBy(org.mule.module.apikit.exception.BadRequestException)]" doc:name="Caused By (org.mule.module.apikit.exception.BadRequestException)">
            <flow-ref name="global-bad-request-response-sub-flow" doc:name="Bad Request Response"/>
        </catch-exception-strategy>
        <catch-exception-strategy doc:name="Default">
            <set-variable variableName="comments" value="Unable to fullfil request due to internal error." doc:name="Set Comments"/>
            <flow-ref name="global-internal-server-error-response-sub-flow" doc:name="Internal Server Response"/>
        </catch-exception-strategy>
    </choice-exception-strategy>
    
    <sub-flow name="global-bad-request-response-sub-flow">
        <set-property propertyName="http.status" value="400" doc:name="Set Status"/>
        <set-payload value="Bad request" doc:name="Set Message" mimeType="application/java"/>
        <flow-ref name="global-prepare-error-response-sub-flow" doc:name="Prepare Error Response"/>
    </sub-flow>
    <sub-flow name="global-resource-not-found-response-sub-flow">
        <set-property propertyName="http.status" value="404" doc:name="Set Status"/>
        <set-payload value="Resource not found" doc:name="Set Message" mimeType="application/java"/>
        <flow-ref name="global-prepare-error-response-sub-flow" doc:name="Prepare Error Response"/>
    </sub-flow>
    <sub-flow name="global-method-not-allowed-response-sub-flow">
        <set-property propertyName="http.status" value="405" doc:name="Set Status"/>
        <set-payload value="Method not allowed" doc:name="Set Message" mimeType="application/java"/>
        <flow-ref name="global-prepare-error-response-sub-flow" doc:name="Prepare Error Response"/>
    </sub-flow>
    <sub-flow name="global-not-acceptable-response-sub-flow">
        <set-property propertyName="http.status" value="406" doc:name="Set Status"/>
        <set-payload value="Not acceptable" doc:name="Set Message" mimeType="application/java"/>
        <flow-ref name="global-prepare-error-response-sub-flow" doc:name="Prepare Error Response"/>
    </sub-flow>
    <sub-flow name="global-conflict-response-sub-flow">
        <set-property propertyName="http.status" value="409" doc:name="Set Status"/>
        <set-payload value="Conflict" doc:name="Set Message" mimeType="application/java"/>
        <flow-ref name="global-prepare-error-response-sub-flow" doc:name="Prepare Error Response"/>
    </sub-flow>
    <sub-flow name="global-unsupported-media-type-response-sub-flow">
        <set-property propertyName="http.status" value="415" doc:name="Set Status"/>
        <set-payload value="Unsupported media type" doc:name="Set Message" mimeType="application/java"/>
        <flow-ref name="global-prepare-error-response-sub-flow" doc:name="Prepare Error Response"/>
    </sub-flow>
    <sub-flow name="global-internal-server-error-response-sub-flow">
        <set-property propertyName="http.status" value="500" doc:name="Set Status"/>
        <set-payload value="Internal server error" doc:name="Set Message" mimeType="application/java"/>
        <flow-ref name="global-prepare-error-response-sub-flow" doc:name="Prepare Error Response"/>
    </sub-flow>
    <sub-flow name="global-bad-gateway-response-sub-flow">
        <set-property propertyName="http.status" value="502" doc:name="Set Status"/>
        <set-payload value="Bad gateway" doc:name="Set Message" mimeType="application/java"/>
        <flow-ref name="global-prepare-error-response-sub-flow" doc:name="Prepare Error Response"/>
    </sub-flow>
    
    <sub-flow name="global-prepare-error-response-sub-flow">
        <set-payload value="{ &quot;message&quot;: &quot;#[payload]&quot;#[flowVars.comments != null ? (', &quot;comments&quot;: &quot;' + flowVars.comments + '&quot;') : ('')] }" encoding="UTF-8" mimeType="application/json" doc:name="Set Error Response"/>
        <set-property propertyName="Content-Type" value="application/json" doc:name="Set Content Type"/>
    </sub-flow>
    
</mule>
