<mule xmlns:context="http://www.springframework.org/schema/context"
	xmlns:api-platform-gw="http://www.mulesoft.org/schema/mule/api-platform-gw" xmlns="http://www.mulesoft.org/schema/mule/core" xmlns:apikit-soap="http://www.mulesoft.org/schema/mule/apikit-soap" xmlns:doc="http://www.mulesoft.org/schema/mule/documentation" xmlns:http="http://www.mulesoft.org/schema/mule/http" xmlns:spring="http://www.springframework.org/schema/beans" xmlns:xsi="http://www.w3.org/2001/XMLSchema-instance" xsi:schemaLocation="
http://www.springframework.org/schema/context http://www.springframework.org/schema/context/spring-context-current.xsd http://www.mulesoft.org/schema/mule/core http://www.mulesoft.org/schema/mule/core/current/mule.xsd
http://www.mulesoft.org/schema/mule/http http://www.mulesoft.org/schema/mule/http/current/mule-http.xsd
http://www.springframework.org/schema/beans http://www.springframework.org/schema/beans/spring-beans-3.1.xsd
http://www.mulesoft.org/schema/mule/apikit-soap http://www.mulesoft.org/schema/mule/apikit-soap/current/mule-apikit-soap.xsd
http://www.mulesoft.org/schema/mule/api-platform-gw http://www.mulesoft.org/schema/mule/api-platform-gw/current/mule-api-platform-gw.xsd">
  
  <!-- Properties Configuration -->
  <context:property-placeholder location="common.properties, mule.${mule.env}.properties" />
  
  <http:listener-config name="api-httpListenerConfig" host="${api.http.listener.host}" port="${api.http.listener.port}" doc:name="HTTP Listener Configuration"/>
  
  <apikit-soap:config name="/TshirtService/TshirtServicePort/api-config" wsdlUrl="tshirt2.wsdl" serviceName="TshirtService" portName="TshirtServicePort" doc:name="APIkit SOAP: Configuration"/>
  
  <api-platform-gw:api apiName="${api.name}" version="${api.version}" flowRef="api-main" create="false" doc:name="API Autodiscovery"/>
  
  <flow name="api-main">
    <http:listener path="/TshirtService/TshirtServicePort" config-ref="api-httpListenerConfig" doc:name="/TshirtService/TshirtServicePort" />
    <apikit-soap:router config-ref="/TshirtService/TshirtServicePort/api-config" doc:name="SOAP Router"/>
  </flow>
  
  <flow name="OrderTshirt:/TshirtService/TshirtServicePort/api-config">
    <set-payload value="&lt;soap:Fault xmlns:soap=&quot;http://www.w3.org/2003/05/soap-envelope&quot;&gt;&lt;faultcode&gt;soap:Server&lt;/faultcode&gt;&lt;faultstring&gt;Operation [OrderTshirt:/TshirtService/TshirtServicePort/api-config] not implemented&lt;/faultstring&gt;&lt;/soap:Fault&gt;" doc:name="Set Payload"/>
  </flow>
  
  <flow name="ListInventory:/TshirtService/TshirtServicePort/api-config">
    <set-payload value="&lt;soap:Fault xmlns:soap=&quot;http://www.w3.org/2003/05/soap-envelope&quot;&gt;&lt;faultcode&gt;soap:Server&lt;/faultcode&gt;&lt;faultstring&gt;Operation [ListInventory:/TshirtService/TshirtServicePort/api-config] not implemented&lt;/faultstring&gt;&lt;/soap:Fault&gt;" doc:name="Set Payload"/>
  </flow>
  
  <flow name="TrackOrder:/TshirtService/TshirtServicePort/api-config">
    <set-payload value="&lt;soap:Fault xmlns:soap=&quot;http://www.w3.org/2003/05/soap-envelope&quot;&gt;&lt;faultcode&gt;soap:Server&lt;/faultcode&gt;&lt;faultstring&gt;Operation [TrackOrder:/TshirtService/TshirtServicePort/api-config] not implemented&lt;/faultstring&gt;&lt;/soap:Fault&gt;" doc:name="Set Payload"/>
  </flow>
  
</mule>